Subject,Company Name,Vertical,Knowledge Document,Workflows Found,Skill Candidates,Treasury Hooks,Data Quality Score,Key Insights,Sources Used,Error
Guesty|STR|PRD:/home/ubuntu/Guesty_PRD.pdf,Guesty,STR,/home/ubuntu/knowledge_document/0_WGbJCzazbelSlWGZVN9hnm_1767792761470_na1fn_L2hvbWUvdWJ1bnR1L0d1ZXN0eV9Lbm93bGVkZ2VfRG9jdW1lbnQ.md,5,9,3,8,"Guesty's focus on STRs means it has robust features for managing short-term bookings, but may lack some of the features required for LTR or HOA/Condo management;The trust accounting features are a key strength, providing a solid foundation for financial management and compliance.;The lack of a detailed AP workflow suggests an opportunity for an AI agent to provide value by automating this process.","PRD, Help Center, Reddit, YouTube",
Hostaway|STR|No PRD - web research required,Hostaway,STR,/home/ubuntu/knowledge_document/1_14AzaRpBRa7nCz2JQfYIGT_1767792793966_na1fn_L2hvbWUvdWJ1bnR1L2hvc3Rhd2F5X3Jlc2VhcmNo.md,4,5,3,6,"Hostaway heavily relies on third-party integrations for core accounting functions like bank reconciliation and trust accounting; The platform's native features are more focused on channel management and property management, rather than deep financial workflows; There are significant user concerns about customer support and billing practices, which could impact the reliability of the platform for critical financial operations.","Company Website, Help Center, Reddit, YouTube",
Lodgify|STR|No PRD - web research required,Lodgify,STR,/home/ubuntu/knowledge_document/2_CHRKveb87NwjjyOxuTYjGD_1767792762312_na1fn_L2hvbWUvdWJ1bnR1L2xvZGdpZnlfa25vd2xlZGdlX2RvY3VtZW50.md,1,4,3,6,"Lodgify heavily relies on third-party integrations for core accounting and treasury functions; Customer support is a significant pain point for many users, which could be an opportunity for an AI-powered assistant; The owner statement generation process is a well-defined workflow and a good candidate for automation.","Help Center, Reddit, YouTube",
OwnerRez|STR|No PRD - web research required,OwnerRez,STR,/home/ubuntu/knowledge_document/3_W2MZLkzv34ZeMlZaiZd4L0_1767792748469_na1fn_L2hvbWUvdWJ1bnR1L293bmVycmV6X3Jlc2VhcmNoL1JFQURNRQ.md,5,11,3,8,"OwnerRez is heavily reliant on its QuickBooks integration for accounting and reconciliation functions.;The platform's strength lies in its flexibility and customization options, particularly in statement generation and user permissions.;While OwnerRez is a powerful tool for STR management, it lacks specific features for HOA/Condo management, such as reserves management.","Company website, Help Center",
Hostfully|STR|No PRD - web research required,Hostfully,STR,/home/ubuntu/knowledge_document/4_PN172P7ZYybqYcYtZWeLuO_1767792697639_na1fn_L2hvbWUvdWJ1bnR1L2hvc3RmdWxseV9yZXNlYXJjaA.md,5,8,2,7,Hostfully relies heavily on third-party integrations for key accounting functions like bank reconciliation and trust accounting; The platform has a strong focus on automation and streamlining workflows for short-term rentals; The Owner Portal is a key feature for communication and reporting with property owners.,"Company website, Help Center, Reddit",
Cloudbeds|STR/Hospitality|PRD:/home/ubuntu/Cloudbeds_PRD.pdf,Cloudbeds,Hospitality,/home/ubuntu/knowledge_document/5_BMQb7H1i8i5QYuyQp5VZiL_1767792920430_na1fn_L2hvbWUvdWJ1bnR1L0Nsb3VkYmVkc19yZXNlYXJjaA.md,5,26,3,8,"Cloudbeds is strongly focused on the hotel/hospitality market, with limited features for LTR/HOA; Core financial workflows like owner payouts and AP are manual processes, representing key automation opportunities; The ""Deposits Ledger"" feature provides a basic form of trust accounting, but lacks the sophistication of dedicated trust accounting systems.","PRD, Help Center, Reddit, YouTube",
Amenitiz|STR/Hospitality|PRD:/home/ubuntu/Amenitiz_PRD.pdf,Amenitiz,Hospitality,/home/ubuntu/knowledge_document/6_6zsIBFuQpohD5M1aOYJVew_1767792652399_na1fn_L2hvbWUvdWJ1bnR1L2FtZW5pdGl6X3Jlc2VhcmNo.md,4,5,3,7,"Amenitiz is an all-in-one platform for independent hoteliers, with a strong focus on direct bookings; The platform's financial workflows are centered around guest invoicing and payments, with limited functionality for AP and owner-specific financial management; Treasury capture opportunities exist primarily through the integrated AmenitizPay solution.","PRD, Help Center, Reddit, YouTube",
Mews|STR/Hospitality|PRD:/home/ubuntu/Mews_PRD.pdf,Mews,Hospitality,/home/ubuntu/knowledge_document/7_oSHoFwS6HgdK9ENos1izSX_1767792535098_na1fn_L2hvbWUvdWJ1bnR1L21ld3NfcmVzZWFyY2g.md,5,5,3,8,"Mews provides a comprehensive suite of tools for hospitality management, with a strong focus on automation and open APIs;The platform offers robust reporting capabilities for financial management, including detailed payout and payment reports for reconciliation;The Mews Connector API provides extensive access to the platform's data and functionality, enabling deep integration and automation.","PRD, Help Center, Website, API Documentation",
AppFolio|LTR|No PRD - web research required,AppFolio,LTR,/home/ubuntu/knowledge_document/8_zhlosnJDi3uYGaA5KK4bKC_1767792567757_na1fn_L2hvbWUvdWJ1bnR1L2FwcGZvbGlvX3Jlc2VhcmNo.md,4,20,3,8,AppFolio has a strong focus on AI and automation to improve efficiency; The three-way reconciliation process is a key feature for maintaining accurate accounting records; The integration with AvidXchange provides a robust solution for AP automation.,"Company website, Help Center, Reddit, YouTube",
Buildium|LTR|No PRD - web research required,Buildium,LTR,/home/ubuntu/knowledge_document/9_tBweFXeq1p74NoAD73uuLl_1767792697903_na1fn_L2hvbWUvdWJ1bnR1L2J1aWxkaXVtX3Jlc2VhcmNo.md,5,9,3,8,"Buildium's ePay setup can be a significant hurdle for new users, indicating a need for a more streamlined onboarding process for payment-related skills; The integration with AvidXchange for AP automation is a key strength, suggesting that a similar integration-based approach could be effective for other skills; The platform's comprehensive reporting capabilities are a core feature, highlighting the importance of robust reporting and analytics in any competing or complementary AI solution.","Help Center, Reddit, YouTube",
Yardi|LTR/Commercial|No PRD - web research required,Yardi,LTR,/home/ubuntu/knowledge_document/10_9m501oWbS4FAWzltxID2A7_1767793055346_na1fn_L2hvbWUvdWJ1bnR1L3lhcmRpX2tub3dsZWRnZV9kb2N1bWVudA.md,3,4,2,6,"Yardi is a dominant player in the commercial and LTR markets, with a strong focus on accounting.;The workflow engine is a key feature, but can be complex to configure and use.;There are opportunities for AI to improve the efficiency of invoice processing and approvals.","Company Website, Third-Party Guide, Reddit, YouTube",
Entrata|LTR Enterprise|No PRD - web research required,Entrata,LTR,/home/ubuntu/knowledge_document/11_BPrVw8XhlB30RNi8Y7a2xG_1767793025371_na1fn_L2hvbWUvdWJ1bnR1L2VudHJhdGFfa25vd2xlZGdlX2RvY3VtZW50.md,2,5,3,7,"Entrata's open API provides significant opportunities for integration and automation;The detailed SOPs for invoice entry and collections offer a clear roadmap for building AI skills;The upcoming features, such as automated bank reconciliation, indicate a trend towards greater automation that can be leveraged.","Company Website, Help Center, Other",
RealPage|LTR Enterprise|No PRD - web research required,RealPage,LTR,/home/ubuntu/knowledge_document/12_aoukUatyqorpsQZaHAXsZY_1767793319623_na1fn_L2hvbWUvdWJ1bnR1L1JlYWxQYWdlX1Jlc2VhcmNoL2tub3dsZWRnZV9kb2N1bWVudA.md,7,15,4,8,"Buildium's Open API provides extensive access to data, enabling deep integration and automation; The platform's trust accounting features are well-documented and designed for compliance; The batched and scheduled reporting capabilities offer significant opportunities for automating financial reporting.","Company website, Help Center, YouTube",
MRI Software|LTR Enterprise|No PRD - web research required,MRI Software,LTR,/home/ubuntu/knowledge_document/13_ygQEYcksB6ugvujYV3cyFt_1767792512451_na1fn_L2hvbWUvdWJ1bnR1L21yaV9zb2Z0d2FyZV9yZXNlYXJjaA.md,,,,4,"MRI Software is a comprehensive platform with a wide range of features, but it has a steep learning curve.;The company focuses on providing a flexible and customizable solution, which can be a double-edged sword for users.;The lack of publicly available detailed documentation makes it difficult to assess the full capabilities of the software without a demo.","Company website, Reddit",
Hemlane|LTR|PRD:/home/ubuntu/Hemlane_PRD.pdf,Hemlane,LTR,/home/ubuntu/knowledge_document/14_3hvIjMm29YWgbX9W5aoXUk_1767792533205_na1fn_L2hvbWUvdWJ1bnR1L2hlbWxhbmVfa25vd2xlZGdl.md,5,9,3,8,"Hemlane's hybrid model of software and optional human-in-the-loop services is a key differentiator;The platform is heavily focused on automating the entire rental lifecycle for the LTR market;Hemlane's architecture is designed to eliminate the need for traditional trust accounts, with a focus on direct payments to owners.","PRD, Help Center",
Stessa|LTR/Finance|PRD:/home/ubuntu/Stessa_PRD.pdf,Stessa,LTR,/home/ubuntu/knowledge_document/15_kNlgOsQVWomCdAK3sEoHTS_1767792618905_na1fn_L2hvbWUvdWJ1bnR1L3N0ZXNzYV9rbm93bGVkZ2VfZG9jdW1lbnQ.md,6,29,3,8,Stessa's investor-centric approach provides a strong foundation for building financial management skills.;The lack of formal approval workflows presents a key opportunity for an AI agent to add value.;The platform's reliance on third-party integrations highlights the importance of robust error handling and data validation.,"PRD, Help Center, Reddit, YouTube",
Landlord Finance OS|LTR/Finance|PRD:/home/ubuntu/Landlord_Finance_OS_PRD.pdf,Landlord Finance OS,LTR,/home/ubuntu/knowledge_document/16_iOpQCTtVo8uHToNfQgbBBT_1767792505657_na1fn_L2hvbWUvdWJ1bnR1L2xhbmRsb3JkX2ZpbmFuY2Vfb3Nfa25vd2xlZGdlX2RvY3VtZW50.md,7,11,3,9,"The integration of banking and property management is a key trend in the landlord software market; AI-powered features for bookkeeping and transaction categorization are becoming standard; There are significant opportunities for AI agents to automate approvals, payouts, and fund segregation.","PRD, Web, Reddit",
Vantaca|HOA/Condo|No PRD - web research required,Vantaca,HOA/Condo,/home/ubuntu/knowledge_document/17_n0D3iQaHLJJVzvsTq8m5kp_1767792648981_na1fn_L2hvbWUvdWJ1bnR1L2tub3dsZWRnZV9kb2N1bWVudA.md,7,9,3,8,"Vantaca's workflow automation is a key strength, but the global nature of the settings can be a limitation;The platform has a comprehensive accounting module, but the UI/UX could be improved;The AI features are still in their early stages and may not be reliable.","Company website, Help Center, Reddit",
CINC Systems|HOA/Condo|No PRD - web research required,CINC Systems,HOA/Condo,/home/ubuntu/knowledge_document/18_1wIRzGLnbHBMw6RgsLHDEi_1767792632475_na1fn_L2hvbWUvdWJ1bnR1L2NpbmNfc3lzdGVtc19yZXNlYXJjaA.md,4,11,3,7,"CINC Systems heavily relies on its AI-powered features, branded as 'Cephai', to automate and streamline various property management tasks.; The 'Payables+' feature, with its AvidXchange integration, is a cornerstone of their financial offerings, indicating a strong focus on AP automation.; While the company has a strong marketing presence, some user reviews suggest potential dissatisfaction with the platform, highlighting the importance of considering real-world user feedback.","Company website, Help Center, Reddit, YouTube",
Enumerate|HOA/Condo|No PRD - web research required,Enumerate,HOA/Condo,/home/ubuntu/knowledge_document/19_JDXyQrXRwg4A6fJeaSXa7s_1767792508288_na1fn_L2hvbWUvdWJ1bnR1L3Jlc2VhcmNoL2VudW1lcmF0ZV9rbm93bGVkZ2VfZG9jdW1lbnQ.md,4,25,3,5,"Enumerate's ""SmartBanking"" feature presents a strong opportunity for AI-powered bank reconciliation; The platform's integrated payment system is a key component for automating both AP and AR workflows; The lack of detailed public documentation suggests that a direct partnership or access to a demo environment would be necessary to build robust AI skills.","Company website, Help Center, Reddit, YouTube",
Zego|Payments|No PRD - web research required,Zego,Payments,/home/ubuntu/knowledge_document/20_Fj6mXWYaizlCAmnXHtPGBD_1767792954011_na1fn_L2hvbWUvdWJ1bnR1L1plZ29fS25vd2xlZGdlX0RvY3VtZW50.md,5,25,3,6,"Zego's core strength lies in its comprehensive payment platform with a strong emphasis on integrations; Detailed, step-by-step workflow documentation is not publicly available, making a deep analysis of their internal processes challenging; Customer feedback on platforms like Reddit is mixed, with some users reporting issues with customer service and payment processing, which could be a source of valuable edge cases for skill development.","Company Website, Reddit, YouTube",
PayLease|Payments|No PRD - web research required,PayLease,Payments,/home/ubuntu/knowledge_document/21_Zi6UjUInNTsi8Df750BuqU_1767793004710_na1fn_L2hvbWUvdWJ1bnR1L3BheWxlYXNlX3Jlc2VhcmNo.md,4,9,3,5,"Zego is primarily a payment processing platform that integrates with other property management software.;Zego's workflow automation is heavily focused on payments and utility management.;Detailed documentation on internal workflows and APIs is not publicly available, making it difficult to extract detailed operational know-how.","Company Website, Help Center, Reddit",
ClickPay|Payments|No PRD - web research required,ClickPay,Payments,/home/ubuntu/knowledge_document/22_hjE3zB7o2U4YRfsEtcD7DH_1767792786468_na1fn_L2hvbWUvdWJ1bnR1L0NsaWNrUGF5X1Jlc2VhcmNo.md,4,10,3,6,"ClickPay is primarily a receivables platform, with no AP functionality;The platform is designed to integrate with existing accounting systems, not replace them;Treasury management features are limited, but there are opportunities to build AI-powered solutions on top of the platform.","Company Website, Help Center",
BILT Rewards|Payments|PRD:/home/ubuntu/BILT_Rewards_PRD.pdf,BILT Rewards,Payments,/home/ubuntu/knowledge_document/23_xYuZizbSqj0mjrsWG2OChb_1767792862126_na1fn_L2hvbWUvdWJ1bnR1L0JJTFRfUmV3YXJkc19yZXNlYXJjaA.md,1,3,1,3,"Bilt's primary focus is on the renter experience, with limited features for property managers; The Bilt Alliance offers property managers a way to attract tenants and streamline rent collection; Bilt is expanding into the mortgage market.","PRD, Help Center, Reddit",
AvidXchange|AP Automation|No PRD - web research required,AvidXchange,Payments,/home/ubuntu/knowledge_document/24_YwNL2GsudfmsOqPYu1tbxq_1767793026661_na1fn_L2hvbWUvdWJ1bnR1L0F2aWRYY2hhbmdlX0tub3dsZWRnZV9Eb2N1bWVudA.md,1,6,3,7,"AvidXchange's strength lies in its highly configurable AP approval workflow, which can be adapted to various business needs; The platform's reliance on a large supplier network is a key competitive advantage, but also a potential point of friction if vendors have a poor experience; While AvidXchange is a powerful AP automation tool, its capabilities outside of AP (e.g., treasury management) are limited, presenting an opportunity for a more comprehensive solution.","Company website, Help Center, Reddit, YouTube",
BetsyAI|AI PMS|PRD:/home/ubuntu/BetsyAI_PRD.pdf,BetsyAI,AI PMS,/home/ubuntu/knowledge_document/25_RVgasSTjaWfyw36So8ZWmT_1767792805717_na1fn_L2hvbWUvdWJ1bnR1L0JldHN5QUlfa25vd2xlZGdlX2RvY3VtZW50.md,2,8,2,7,BetsyAI's focus on being an AI-layer on top of existing PMS systems is a key differentiator;The revenue model based on a percentage of upsells aligns incentives with their customers;The mixed feedback from users on Reddit suggests that the value proposition of automated upselling may not be universally realized and depends on the quality of the offers.,"PRD, Help Center, Reddit",
BoomAI|AI PMS|PRD:/home/ubuntu/BoomAI_PRD.pdf,BoomAI,AI PMS,/home/ubuntu/knowledge_document/26_wYoVUgvqbrJk60T3Ewng7i_1767793127611_na1fn_L2hvbWUvdWJ1bnR1L2Jvb21haV9rbm93bGVkZ2U.md,3,14,3,7,BoomAI is a strong player in the STR market with a focus on AI-native automation; Their agentic AI (BAM) is a key differentiator; There are opportunities to build on their existing automation features to create a more comprehensive digital workforce manager.,"PRD, Help Center, Reddit",
InnteloAIPMS|AI PMS|PRD:/home/ubuntu/InnteloAIPMS_PRD.pdf,InnteloAIPMS,AI PMS,/home/ubuntu/knowledge_document/27_D7v0iFJgYuKKNcLifCKQmf_1767792811392_na1fn_L2hvbWUvdWJ1bnR1L2lubnRlbG9fcmVzZWFyY2g.md,2,13,3,3,"InnteloAIPMS is an AI-native platform focused on guest experience and operations, not a traditional PMS with financial management features.;The platform's strength lies in its conversational and agentic AI for automating guest interactions and operational tasks.;There is a significant lack of publicly available information on their financial workflows, which are critical for building a comprehensive skills library for a 'Digital Workforce Manager + Treasury OS'.","PRD, Website, API Documentation",
VisitoAIPMS|AI PMS|PRD:/home/ubuntu/VisitoAIPMS_PRD.pdf,VisitoAIPMS,AI PMS,/home/ubuntu/knowledge_document/28_6HQevzhHbAcgUeabHuDKgD_1767793149112_na1fn_L2hvbWUvdWJ1bnR1L1Zpc2l0b0FJUE1TX2tub3dsZWRnZV9kb2N1bWVudA.md,7,10,3,7,"Leading PMS platforms like Buildium and AppFolio offer comprehensive, end-to-end workflows for core property management operations, from accounting to leasing.; AI-powered features are becoming a key differentiator, with platforms like AppFolio heavily emphasizing AI for automation and data-driven insights.; While conversational AI is a valuable component, a true ""Digital Workforce Manager"" for property management requires deep integration with financial and operational workflows to provide significant value.","PRD, Help Center, Reddit, YouTube",
Project Citadel|AI PMS|PRD:/home/ubuntu/Project_Citadel_PRD.pdf,Project Citadel,Hospitality,/home/ubuntu/knowledge_document/29_DJfAzPqO5P26EdrtTeyqKJ_1767792824724_na1fn_L2hvbWUvdWJ1bnR1L3Byb2plY3RfY2l0YWRlbF9rbm93bGVkZ2U.md,3,15,4,6,"Project Citadel's model is a vertically integrated system combining real estate, finance, and AI-driven hospitality operations, which is a novel approach.;The reliance on tokenization and smart contracts for investment and payouts presents both significant opportunities for automation and considerable regulatory and technical challenges.;The ""AI Operator"" (GuestOS) is a key component, aiming for zero on-site staff, which highlights the importance of robust AI-driven communication and workflow automation.",PRD,
AI Property Management Platform|AI PMS|PRD:/home/ubuntu/AI_Property_Management_PRD.pdf,AI Property Management Platform,AI PMS,/home/ubuntu/knowledge_document/30_z43YMyRtHwRFDnYM9lqcgu_1767793310194_na1fn_L2hvbWUvdWJ1bnR1L2tub3dsZWRnZV9kb2N1bWVudA.md,7,35,3,8,AI can significantly automate and streamline property management workflows; A unified data model is crucial for a comprehensive property management platform; Strong API integrations are key to a successful property management ecosystem.,"PRD, Web Search",
